year,usd_per_eur,source,source_series,retrieved_at
2000,0.9236125490196,ECB Statistical Data Warehouse,EXR.A.USD.EUR.SP00.A,2026-09-18 01:35:20
2001,0.8956295275591,ECB Statistical Data Warehouse,EXR.A.USD.EUR.SP00.A,2026-09-18 01:35:20
2002,0.9455737254902,ECB Statistical Data Warehouse,EXR.A.USD.EUR.SP00.A,2026-09-18 01:35:20
2003,1.1311603921569,ECB Statistical Data Warehouse,EXR.A.USD.EUR.SP00.A,2026-09-18 01:35:20
2004,1.2439023166023,ECB Statistical Data Warehouse,EXR.A.USD.EUR.SP00.A,2026-09-18 01:35:20
2005,1.2440902723735,ECB Statistical Data Warehouse,EXR.A.USD.EUR.SP00.A,2026-09-18 01:35:20
2006,1.2555988235294,ECB Statistical Data Warehouse,EXR.A.USD.EUR.SP00.A,2026-09-18 01:35:20
2007,1.3704780392157,ECB Statistical Data Warehouse,EXR.A.USD.EUR.SP00.A,2026-09-18 01:35:20
2008,1.47075546875,ECB Statistical Data Warehouse,EXR.A.USD.EUR.SP00.A,2026-09-18 01:35:20
2009,1.394782421875,ECB Statistical Data Warehouse,EXR.A.USD.EUR.SP00.A,2026-09-18 01:35:20
2010,1.3257166666667,ECB Statistical Data Warehouse,EXR.A.USD.EUR.SP00.A,2026-09-18 01:35:20
2011,1.3919552529183,ECB Statistical Data Warehouse,EXR.A.USD.EUR.SP00.A,2026-09-18 01:35:20
2012,1.284788671875,ECB Statistical Data Warehouse,EXR.A.USD.EUR.SP00.A,2026-09-18 01:35:20
2013,1.3281180392157,ECB Statistical Data Warehouse,EXR.A.USD.EUR.SP00.A,2026-09-18 01:35:20
2014,1.3285007843137,ECB Statistical Data Warehouse,EXR.A.USD.EUR.SP00.A,2026-09-18 01:35:20
2015,1.109512890625,ECB Statistical Data Warehouse,EXR.A.USD.EUR.SP00.A,2026-09-18 01:35:20
2016,1.1069031128405,ECB Statistical Data Warehouse,EXR.A.USD.EUR.SP00.A,2026-09-18 01:35:20
2017,1.1296811764706,ECB Statistical Data Warehouse,EXR.A.USD.EUR.SP00.A,2026-09-18 01:35:20
2018,1.1809545098039,ECB Statistical Data Warehouse,EXR.A.USD.EUR.SP00.A,2026-09-18 01:35:20
2019,1.1194745098039,ECB Statistical Data Warehouse,EXR.A.USD.EUR.SP00.A,2026-09-18 01:35:20
2020,1.1421961089494,ECB Statistical Data Warehouse,EXR.A.USD.EUR.SP00.A,2026-09-18 01:35:20
2021,1.1827403100775,ECB Statistical Data Warehouse,EXR.A.USD.EUR.SP00.A,2026-09-18 01:35:20
2022,1.0530486381323,ECB Statistical Data Warehouse,EXR.A.USD.EUR.SP00.A,2026-09-18 01:35:20
2023,1.081268627451,ECB Statistical Data Warehouse,EXR.A.USD.EUR.SP00.A,2026-09-18 01:35:20
2024,1.08238046875,ECB Statistical Data Warehouse,EXR.A.USD.EUR.SP00.A,2026-09-18 01:35:20
2025,1.1299831372549,ECB Statistical Data Warehouse,EXR.A.USD.EUR.SP00.A,2026-09-18 01:35:20
